﻿<?xml version="1.0" encoding="utf-8"?>
<Members>
  <Member>
    <Username>testuser</Username>
    <Password>5e884898da28047151d0e56f8dc6292773603d0d6aabbdd62a11ef721d1542d8</Password>
    <!-- SHA-256 hash of "password" -->
    <Salt>abc123</Salt>
  </Member>
  <Member>
    <Username>caelum</Username>
    <Password>aa52a5a1e1ad6c44e3f799ef0d0f8aa100c7e408884639052c8dc2b3f9831bbe</Password>
    <Salt>biOEsoePUpLgblSMc6AA0g==</Salt>
    <JoinDate>2025-04-28</JoinDate>
  </Member>
  <Member>
    <Username>biggy</Username>
    <Password>7bf0070a48c763722c24535667e7f08040d3f03decabf2413f67b8dc407800e1</Password>
    <Salt>eopBjBi4ePvVVNV/FczbxQ==</Salt>
    <JoinDate>2025-04-28</JoinDate>
  </Member>
</Members>